Oligo Name,Length,Tm,Tm (3' only),Sequence
mas00001_(20)_forward,36,75.626,65.994,GCCACCATGGCTAGCATCGCGATAAGCTCTAGAGGG
mas00002_(20)_reverse,32,78.416,69.394,GTGGGCGATGGCATGCACGCGTGTCGACATCG
mas00003_(89)_forward,28,78.269,65.355,GCGTGCATGCCATCGCCCACAGTCCCCG
mas00004_(89)_reverse,35,70.037,61.320,GCTGATAAATCTGCTCACGACACCTGAAATGGAAG
mas00005_(2684)_forward,50,72.915,69.366,CCATTTCAGGTGTCGTGAGCAGATTTATCAGCAATAAACCAGCCAGCCGG
mas00006_(2684)_reverse,45,72.151,69.682,GGTCGACGGTATCACTGCTCGAGACTTTCCTCTTCTTCTTGGGGG
mas00007_(2689)_forward,33,73.253,60.967,GGAAAGTCTCGAGCAGTGATACCGTCGACCTCG
mas00008_(2689)_reverse,33,75.131,64.331,CGCGATGCTAGCCATGGTGGCTTTGTGGTTCAG
