Oligo Name,Length,Tm,Tm (3' only),Sequence
mas00001_(20)_forward,44,70.088,65.994,GGACCAGGGAGTTTAAACCTAGCATCGCGATAAGCTCTAGAGGG
mas00002_(20)_reverse,32,78.416,69.394,GTGGGCGATGGCATGCACGCGTGTCGACATCG
mas00003_(89)_forward,28,78.269,65.355,GCGTGCATGCCATCGCCCACAGTCCCCG
mas00004_(89)_reverse,31,72.791,61.320,GACGGTCCCCTCACGACACCTGAAATGGAAG
mas00005_(2684)_forward,31,75.741,65.054,GGTGTCGTGAGGGGACCGTCAACCCTGAACC
mas00006_(2684)_reverse,45,72.151,69.682,GGTCGACGGTATCACTGCTCGAGACTTTCCTCTTCTTCTTGGGGG
mas00007_(2689)_forward,34,73.864,60.967,AGGAAAGTCTCGAGCAGTGATACCGTCGACCTCG
mas00008_(2689)_reverse,48,75.418,65.518,CCCTCTAGAGCTTATCGCGATGCTAGGTTTAAACTCCCTGGTCCCGCC
