Oligo Name,Length,Tm,Tm (3' only),Sequence
14381__pMOD1_t1suf,29,60,60,ATCAGAGCAGATTGTACTGAGAGTGCACC
14381__pMOD1_t1suf,29,60,60,ATCAGAGCAGATTGTACTGAGAGTGCACC
14382_(45)_forward,30,72.765,64.266,CTACTTCATCGGAGCAGGGCTGACCCCAAG
14383_(45)_reverse,45,69.697,66.169,CGGAACCGGATCCCTAAAAACAGAGATGTGTCGAAGATGGACAGT
14384_(2340)_forward,41,72.660,68.652,CGACACATCTCTGTTTTTAGGGATCCGGTTCCGGAAGTGGA
14385_(2340)_reverse,31,71.639,64.405,CTGCTCTGATTGCTGGGGGAACAACTTCACA
14386_(2333)_forward,42,73.489,69.375,GTTCCCCCAGCAATCAGAGCAGATTGTACTGAGAGTGCACCG
14387_(2333)_reverse,37,78.345,69.006,GGTCAGCCCTGCTCCGATGAAGTAGAGCCCGCAGTGG
