"SLIC/Gibson/CPEC j5 v3.0.5 assembly 2/21/2017"
"Please cite: Hillson, N.J., Rosengarten, R.D., and Keasling J.D. (2012) j5 DNA Assembly Design Automation Software. ACS Synthetic Biology 1 (1), 14-21. DOI: 10.1021/sb2000116"

"Assembly Parameters:"
MASTEROLIGONUMBEROFDIGITS,MASTERPLASMIDNUMBEROFDIGITS,GIBSONOVERLAPBPS,GIBSONOVERLAPMINTM,GIBSONOVERLAPMAXTM,MAXIMUMOLIGOLENGTHBPS,MINIMUMFRAGMENTSIZEGIBSONBPS,GOLDENGATEOVERHANGBPS,GOLDENGATERECOGNITIONSEQ,GOLDENGATETERMINIEXTRASEQ,GOLDENGATETERMINIEXTRASEQDNASYNTHESISALT,MAXIMUM_IDENTITIES_GOLDEN_GATE_OVERHANGS_COMPATIBLE,OLIGOSYNTHESISCOSTPERBPUSD,OLIGOPAGEPURIFICATIONCOSTPERPIECEUSD,OLIGOMAXLENGTHNOPAGEPURIFICATIONREQUIREDBPS,MINIMUMPCRPRODUCTBPS,DIRECTSYNTHESISCOSTPERBPUSD,DIRECTSYNTHESISMINIUMUMCOSTPERPIECEUSD,PRIMER_GC_CLAMP,PRIMER_MIN_SIZE,PRIMER_MAX_SIZE,DEFAULT_PURE_PRIMER_LENGTH_BPS,PRIMER_MIN_TM,PRIMER_MAX_TM,PRIMER_MAX_DIFF_TM,PRIMER_MAX_SELF_ANY_TH,PRIMER_MAX_SELF_END_TH,PRIMER_PAIR_MAX_COMPL_ANY_TH,PRIMER_PAIR_MAX_COMPL_END_TH,PRIMER_TM_SANTALUCIA,PRIMER_SALT_CORRECTIONS,PRIMER_DNA_CONC,MISPRIMING_3PRIME_BOUNDARY_BP_TO_WARN_IF_HIT,MISPRIMING_MIN_TM,MISPRIMING_SALT_CONC,MISPRIMING_OLIGO_CONC,OUTPUT_SEQUENCE_FORMAT,SUPPRESS_PRIMER_ANNOTATIONS,SUPPRESS_PURE_PRIMERS,ASSEMBLY_PRODUCT_TYPE,HOMOLOGY_MIN_LENGTH_BPS,HOMOLOGY_MAX_FRACTION_MISMATCHES,APPEND_UUID_TO_PLASMID_OLIGO_AND_SYNTHESIS_NAME,"Primer3 version"
5,5,20,60,70,110,250,4,GGTCTC,CACACCAGGTCTCA,CACACCAGGTCTCA,2,0.1,40,60,200,0.39,159,2,18,36,26,60,70,5,47,47,47,47,1,1,250,4,45,0.05,2.50E-07,Genbank,FALSE,TRUE,circular,26,0.05,FALSE,2.3.7

"Warning: the master plasmids list file is empty. Using mas as the initials and 5 digits to number (e.g. pmas00001)..."
"Warning: Two (or more) master oligos have the same sequence: ATCAGAGCAGATTGTACTGAGAGTGCACC. Will re-use only the first (14381__pMOD1_t1suf)"

